use ova_db;

insert into courses 
values 
(100, ""),
(1, "Engenharia de Computação"),
(2, "Engenharia de Controle e Automação"),
(3, "Engenharia Química"),
(4, "Engenharia Elétrica"),
(5, "Engenharia de Produção"),
(6, "Engenharia Civil"),
(7, "Engenharia Mecânica"),
(8, "Arquitetura e Urbanismo");

insert into course_subjects
values
(1, "Cálculo A"),
(2, "Metodologia da Pesquisa"),
(3, "Compiladores"),
(4, "Banco de Dados 1"),
(5, "Controle Digital Aplicado"),
(6, "Sistemas a Eventos Discretos"),
(7, "Engenharia Bioquímica"),
(8, "Projetos de Processos Químicos 2"),
(9, "Acionamentos Elétricos"),
(10, "Eletromagnetismo"),
(11, "Comércio Exterior"),
(12, "Tecnologias Digitais na Produção"),
(13, "Estruturas de Madeira"),
(14, "Obras de Terra"),
(15, "Processos de Soldagem"),
(16, "Trocadores de Calor"),
(17, "Intraestrutura Urbana"),
(18, "Design de Interiores"),
(19, "Patrimônio Histórico");

insert into offerings
values
(1, 1, 1),
(2, 1, 2),
(3, 1, 3),
(4, 1, 4),
(5, 2, 1),
(6, 2, 2),
(7, 2, 5),
(8, 2, 6),
(9, 3, 1),
(10, 3, 2),
(11, 3, 7),
(12, 3, 8),
(13, 4, 1),
(14, 4, 2),
(15, 4, 9),
(16, 4, 10),
(17, 5, 1),
(18, 5, 2),
(19, 5, 11),
(20, 5, 12),
(21, 6, 1),
(22, 6, 2),
(23, 6, 13),
(24, 6, 14),
(25, 7, 1),
(26, 7, 2),
(27, 7, 15),
(28, 7, 16),
(29, 8, 2),
(30, 8, 17),
(31, 8, 18),
(32, 8, 19);

insert into students
values
("10A.047292", "Password-0", "", 100, true),
("20A.752355", "Password-1", "Eduardo Fiscina Menezes Moraes", 1, false),
("10Q.178487", "Password-2", "Iago Santana Alfaya", 1, false),
("67Z.406178", "Password-3", "Rodrigo de Jesus Macêdo", 1, false),
("42L.910086", "Password-4", "André Lucas", 1, false),
("49Z.339516", "Password-5", "João Carlos", 6, false),
("22G.822160", "Password-6", "Hayana Fiscina Menezes Dias", 7, false),
("30F.340348", "Password-7", "Carlos Henrique de Brandão", 4, false),
("50Y.102840", "Password-8", "Maria Clara Barbosa", 4, false);

insert into competencies (competency_id, competency_description, subject_id)
values
(1, "Competência 1", 1),
(2, "Competência 2", 1),
(3, "Competência 3", 1),
(4, "Competência 4", 1),
(5, "Competência 1", 2),
(6, "Competência 2", 2),
(7, "Competência 3", 2),
(8, "Competência 4", 2),
(9, "Competência 1", 3),
(10, "Competência 2", 3),
(11, "Competência 3", 3),
(12, "Competência 4", 3),
(13, "Competência 1", 4),
(14, "Competência 2", 4),
(15, "Competência 3", 4),
(16, "Competência 4", 4),
(17, "Competência 1", 5),
(18, "Competência 2", 5),
(19, "Competência 3", 5),
(20, "Competência 4", 5),
(21, "Competência 1", 6),
(22, "Competência 2", 6),
(23, "Competência 3", 6),
(24, "Competência 4", 6),
(25, "Competência 1", 7),
(26, "Competência 2", 7),
(27, "Competência 3", 7),
(28, "Competência 4", 7),
(29, "Competência 1", 8),
(30, "Competência 2", 8),
(31, "Competência 3", 8),
(32, "Competência 4", 8),
(33, "Competência 1", 9),
(34, "Competência 2", 9),
(35, "Competência 3", 9),
(36, "Competência 4", 9),
(37, "Competência 1", 10),
(38, "Competência 2", 10),
(39, "Competência 3", 10),
(40, "Competência 4", 10),
(41, "Competência 1", 11),
(42, "Competência 2", 11),
(43, "Competência 3", 11),
(44, "Competência 4", 11),
(45, "Competência 1", 12),
(46, "Competência 2", 12),
(47, "Competência 3", 12),
(48, "Competência 4", 12),
(49, "Competência 1", 13),
(50, "Competência 2", 13),
(51, "Competência 3", 13),
(52, "Competência 4", 13),
(53, "Competência 1", 14),
(54, "Competência 2", 14),
(55, "Competência 3", 14),
(56, "Competência 4", 14),
(57, "Competência 1", 15),
(58, "Competência 2", 15),
(59, "Competência 3", 15),
(60, "Competência 4", 15),
(61, "Competência 1", 16),
(62, "Competência 2", 16),
(63, "Competência 3", 16),
(64, "Competência 4", 16),
(65, "Competência 1", 17),
(66, "Competência 2", 17),
(67, "Competência 3", 17),
(68, "Competência 4", 17),
(69, "Competência 1", 18),
(70, "Competência 2", 18),
(71, "Competência 3", 18),
(72, "Competência 4", 18),
(73, "Competência 1", 19),
(74, "Competência 2", 19),
(75, "Competência 3", 19),
(76, "Competência 4", 19);

insert into ovas
values
(1, "cálculo_a_1.html", 1),
(2, "cálculo_a_2.html", 2),
(3, "cálculo_a_3.html", 3),
(4, "cálculo_a_4.html", 4),
(5, "metodologia_da_pesquisa_1.html", 5),
(6, "metodologia_da_pesquisa_2.html", 6),
(7, "metodologia_da_pesquisa_3.html", 7),
(8, "metodologia_da_pesquisa_4.html", 8),
(9, "compiladores_1.html", 9),
(10, "compiladores_2.html", 10),
(11, "compiladores_3.html", 11),
(12, "compiladores_4.html", 12),
(13, "banco_de_dados_1_1.html", 13),
(14, "banco_de_dados_1_2.html", 14),
(15, "banco_de_dados_1_3.html", 15),
(16, "banco_de_dados_1_4.html", 16),
(17, "controle_digital_aplicado_1.html", 17),
(18, "controle_digital_aplicado_2.html", 18),
(19, "controle_digital_aplicado_3.html", 19),
(20, "controle_digital_aplicado_4.html", 20),
(21, "sistemas_a_eventos_discretos_1.html", 21),
(22, "sistemas_a_eventos_discretos_2.html", 22),
(23, "sistemas_a_eventos_discretos_3.html", 23),
(24, "sistemas_a_eventos_discretos_4.html", 24),
(25, "engenharia_bioquímica_1.html", 25),
(26, "engenharia_bioquímica_2.html", 26),
(27, "engenharia_bioquímica_3.html", 27),
(28, "engenharia_bioquímica_4.html", 28),
(29, "projetos_de_processos_químicos_2_1.html", 29),
(30, "projetos_de_processos_químicos_2_2.html", 30),
(31, "projetos_de_processos_químicos_2_3.html", 31),
(32, "projetos_de_processos_químicos_2_4.html", 32),
(33, "acionamentos_elétricos_1.html", 33),
(34, "acionamentos_elétricos_2.html", 34),
(35, "acionamentos_elétricos_3.html", 35),
(36, "acionamentos_elétricos_4.html", 36),
(37, "eletromagnetismo_1.html", 37),
(38, "eletromagnetismo_2.html", 38),
(39, "eletromagnetismo_3.html", 39),
(40, "eletromagnetismo_4.html", 40),
(41, "comércio_exterior_1.html", 41),
(42, "comércio_exterior_2.html", 42),
(43, "comércio_exterior_3.html", 43),
(44, "comércio_exterior_4.html", 44),
(45, "tecnologias_digitais_na_produção_1.html", 45),
(46, "tecnologias_digitais_na_produção_2.html", 46),
(47, "tecnologias_digitais_na_produção_3.html", 47),
(48, "tecnologias_digitais_na_produção_4.html", 48),
(49, "estruturas_de_madeira_1.html", 49),
(50, "estruturas_de_madeira_2.html", 50),
(51, "estruturas_de_madeira_3.html", 51),
(52, "estruturas_de_madeira_4.html", 52),
(53, "obras_de_terra_1.html", 53),
(54, "obras_de_terra_2.html", 54),
(55, "obras_de_terra_3.html", 55),
(56, "obras_de_terra_4.html", 56),
(57, "processos_de_soldagem_1.html", 57),
(58, "processos_de_soldagem_2.html", 58),
(59, "processos_de_soldagem_3.html", 59),
(60, "processos_de_soldagem_4.html", 60),
(61, "trocadores_de_calor_1.html", 61),
(62, "trocadores_de_calor_2.html", 62),
(63, "trocadores_de_calor_3.html", 63),
(64, "trocadores_de_calor_4.html", 64),
(65, "infraestrutura_urbana_1.html", 65),
(66, "infraestrutura_urbana_2.html", 66),
(67, "infraestrutura_urbana_3.html", 67),
(68, "infraestrutura_urbana_4.html", 68),
(69, "design_de_interiores_1.html", 69),
(70, "design_de_interiores_2.html", 70),
(71, "design_de_interiores_3.html", 71),
(72, "design_de_interiores_4.html", 72),
(73, "patrimônio_histórico_1.html", 73),
(74, "patrimônio_histórico_2.html", 74),
(75, "patrimônio_histórico_3.html", 75),
(76, "patrimônio_histórico_4.html", 76);